model,n_matches,brier,log_loss,accuracy,skipped
"Uniforme (1/3, 1/3, 1/3)",165,0.6666666666666669,1.0986122886681096,0.43636363636363634,
Elo puro,165,0.6572037255402444,1.1519397210305193,0.4909090909090909,
DC MLE puro (lambda=0),165,0.5325213786752885,0.8952989254822641,0.5575757575757576,0.0
DC Bayes (lambda=4),165,0.580112453578488,0.9715716783003914,0.5333333333333333,0.0
DC Bayes (lambda=8),165,0.5893985022140322,0.984524841938251,0.503030303030303,0.0
DC Bayes (lambda=12),165,0.5945465938482836,0.9917632356461605,0.509090909090909,0.0
DC Bayes (lambda=20),165,0.6011745539785636,1.001291813348444,0.509090909090909,0.0
